SKU,Product,Colour,Size,Shopify qty,Physical count,Difference,Counted by,Date counted
LC001-STK-BLK-XS,Stacker Tee,Washed Black,XS,25,,,,
LC001-STK-BLK-S,Stacker Tee,Washed Black,S,25,,,,
LC001-STK-BLK-M,Stacker Tee,Washed Black,M,25,,,,
LC001-STK-BLK-L,Stacker Tee,Washed Black,L,25,,,,
LC001-STK-BLK-XL,Stacker Tee,Washed Black,XL,25,,,,
LC001-STK-BLK-XXL,Stacker Tee,Washed Black,XXL,25,,,,
LC001-ANG-GRY-XS,Angel Tee,Concrete Grey,XS,25,,,,
LC001-ANG-GRY-S,Angel Tee,Concrete Grey,S,25,,,,
LC001-ANG-GRY-M,Angel Tee,Concrete Grey,M,25,,,,
LC001-ANG-GRY-L,Angel Tee,Concrete Grey,L,25,,,,
LC001-ANG-GRY-XL,Angel Tee,Concrete Grey,XL,25,,,,
LC001-ANG-GRY-XXL,Angel Tee,Concrete Grey,XXL,25,,,,
LC001-GLB-GRN-XS,Globe Tee,Washed Forest Green,XS,25,,,,
LC001-GLB-GRN-S,Globe Tee,Washed Forest Green,S,25,,,,
LC001-GLB-GRN-M,Globe Tee,Washed Forest Green,M,25,,,,
LC001-GLB-GRN-L,Globe Tee,Washed Forest Green,L,25,,,,
LC001-GLB-GRN-XL,Globe Tee,Washed Forest Green,XL,25,,,,
LC001-GLB-GRN-XXL,Globe Tee,Washed Forest Green,XXL,25,,,,
LC001-CHK-BLU-XS,Checker Tee,Faded Blue,XS,25,,,,
LC001-CHK-BLU-S,Checker Tee,Faded Blue,S,25,,,,
LC001-CHK-BLU-M,Checker Tee,Faded Blue,M,25,,,,
LC001-CHK-BLU-L,Checker Tee,Faded Blue,L,25,,,,
LC001-CHK-BLU-XL,Checker Tee,Faded Blue,XL,25,,,,
LC001-CHK-BLU-XXL,Checker Tee,Faded Blue,XXL,25,,,,
LC001-PRT-PNK-XS,Portrait Tee,Dusty Pink,XS,25,,,,
LC001-PRT-PNK-S,Portrait Tee,Dusty Pink,S,25,,,,
LC001-PRT-PNK-M,Portrait Tee,Dusty Pink,M,25,,,,
LC001-PRT-PNK-L,Portrait Tee,Dusty Pink,L,25,,,,
LC001-PRT-PNK-XL,Portrait Tee,Dusty Pink,XL,25,,,,
LC001-PRT-PNK-XXL,Portrait Tee,Dusty Pink,XXL,25,,,,
